<?xml version='1.0' encoding='utf-8'?>
<UANodeSet xmlns:xsi="http://www.w3.org/2001/XMLSchema-instance" xmlns:uax="http://opcfoundation.org/UA/2008/02/Types.xsd" xmlns:xsd="http://www.w3.org/2001/XMLSchema" xmlns="http://opcfoundation.org/UA/2011/03/UANodeSet.xsd">
  <NamespaceUris>
    <Uri>http://nne.unibio</Uri>
  </NamespaceUris>
  <Aliases>
    <Alias Alias="HasTypeDefinition">i=40</Alias>
    <Alias Alias="HasComponent">i=47</Alias>
    <Alias Alias="Organizes">i=35</Alias>
  </Aliases>
  <UAObject NodeId="i=85" BrowseName="0:Objects" ParentNodeId="i=84">
    <DisplayName>Objects</DisplayName>
    <References>
      <Reference ReferenceType="Organizes" IsForward="false">i=84</Reference>
      <Reference ReferenceType="HasTypeDefinition">i=61</Reference>
      <Reference ReferenceType="Organizes">i=2253</Reference>
      <Reference ReferenceType="Organizes">i=23470</Reference>
      <Reference ReferenceType="Organizes">ns=1;i=1</Reference>
    </References>
  </UAObject>
  <UAObject NodeId="i=84" BrowseName="0:Root">
    <DisplayName>Root</DisplayName>
    <References>
      <Reference ReferenceType="HasTypeDefinition">i=61</Reference>
      <Reference ReferenceType="Organizes">i=85</Reference>
      <Reference ReferenceType="Organizes">i=86</Reference>
      <Reference ReferenceType="Organizes">i=87</Reference>
    </References>
  </UAObject>
  <UAObject NodeId="ns=1;i=1" BrowseName="1:CIP_DATA" ParentNodeId="i=85">
    <DisplayName>CIP_DATA</DisplayName>
    <Description>CIP_DATA</Description>
    <References>
      <Reference ReferenceType="Organizes" IsForward="false">i=85</Reference>
      <Reference ReferenceType="HasTypeDefinition">i=58</Reference>
      <Reference ReferenceType="HasComponent">ns=1;i=2</Reference>
      <Reference ReferenceType="HasComponent">ns=1;i=3</Reference>
      <Reference ReferenceType="HasComponent">ns=1;i=4</Reference>
      <Reference ReferenceType="HasComponent">ns=1;i=5</Reference>
    </References>
  </UAObject>
</UANodeSet>
